Variable	Coefficient
CTCF	4.3016
DNase	5.23574
EZH2	0.80111
H2az	0.70744
H3K27ac	-0.30363
H3K27me3	0.16966
H3K36me3	-0.08709
H3K4me1	0.90127
H3K4me2	0.91226
H3K4me3	0.02256
H3K79me2	0
H3K9ac	-0.34432
H3K9me1	-0.18196
H3K9me3	-0.25449
H4K20me1	-0.02457
p63	2.66172
POL2B	-0.20073
