Feature	VariableImportance
DNase	0.228935404266667
CTCF	0.039562914251616
p63	0.0280894447523023
H3K4me2	0.023181419270413
H3K4me1	0.0204614661097141
H3K27ac	0.00980896628501628
H2az	0.00761106891213993
H3K4me3	0.00537478411185607
H3K9ac	0.00498897335894553
H3K79me2	0.00404808878146213
H3K36me3	0.00163971111520436
H3K9me1	0.00126990172270952
H3K27me3	0.00119696438628897
H4K20me1	0.00102858947765762
H3K9me3	0.000987867583628956
POL2B	0.00017438205149805
EZH2	3.87508051953276e-05
